{"moderate": {"columns": ["FY20 Q4", "FY21 Q1", "FY21 Q2", "FY21 Q3", "FY21 Q4"], "index": ["All Other Sectors", "Car and truck rental", "Construction", "Hotels", "Manufacturing", "Public Utilities", "Rentals except car and truck rentals", "Repair services", "Restaurants, bars, concessionaires and caterers", "Services other than repair services", "Telecommunications", "Total Retail", "Wholesale", "Total"], "data": [[0.3, 0.2, 0.1, 0.05, 0.03], [0.3, 0.2, 0.1, 0.05, 0.03], [0.3, 0.2, 0.1, 0.05, 0.03], [0.5, 0.3, 0.2, 0.1, 0.05], [0.3, 0.2, 0.1, 0.05, 0.03], [0.3, 0.2, 0.1, 0.05, 0.03], [0.3, 0.2, 0.1, 0.05, 0.03], [0.3, 0.2, 0.1, 0.05, 0.03], [0.5, 0.3, 0.2, 0.1, 0.05], [0.3, 0.2, 0.1, 0.05, 0.03], [0.3, 0.2, 0.1, 0.05, 0.03], [0.5, 0.3, 0.2, 0.1, 0.05], [0.5, 0.3, 0.2, 0.1, 0.05], [0.4525148439, 0.2704690789, 0.1773291793, 0.0884671583, 0.0448904191]]}, "severe": {"columns": ["FY20 Q4", "FY21 Q1", "FY21 Q2", "FY21 Q3", "FY21 Q4"], "index": ["All Other Sectors", "Car and truck rental", "Construction", "Hotels", "Manufacturing", "Public Utilities", "Rentals except car and truck rentals", "Repair services", "Restaurants, bars, concessionaires and caterers", "Services other than repair services", "Telecommunications", "Total Retail", "Wholesale", "Total"], "data": [[0.5, 0.3, 0.2, 0.1, 0.05], [0.5, 0.3, 0.2, 0.1, 0.05], [0.5, 0.3, 0.2, 0.1, 0.05], [0.7, 0.5, 0.3, 0.2, 0.1], [0.5, 0.3, 0.2, 0.1, 0.05], [0.5, 0.3, 0.2, 0.1, 0.05], [0.5, 0.3, 0.2, 0.1, 0.05], [0.5, 0.3, 0.2, 0.1, 0.05], [0.7, 0.5, 0.3, 0.2, 0.1], [0.5, 0.3, 0.2, 0.1, 0.05], [0.5, 0.3, 0.2, 0.1, 0.05], [0.7, 0.5, 0.3, 0.2, 0.1], [0.7, 0.5, 0.3, 0.2, 0.1], [0.6525148439, 0.4409381578, 0.2773291793, 0.1769343167, 0.0872260477]]}}