{"moderate": {"columns": ["FY20 Q4", "FY21 Q1", "FY21 Q2", "FY21 Q3", "FY21 Q4"], "index": ["Realty Transfer", "Beverage", "Parking", "Amusement"], "data": [[0.2962486372, 0.1, 0.1, 0.05, 0.05], [0.2, 0.1, 0.05, 0.03, 0.01], [0.3, 0.15, 0.1, 0.05, 0.05], [0.7, 0.4, 0.25, 0.15, 0.15]]}, "severe": {"columns": ["FY20 Q4", "FY21 Q1", "FY21 Q2", "FY21 Q3", "FY21 Q4"], "index": ["Realty Transfer", "Beverage", "Parking", "Amusement"], "data": [[0.2962486372, 0.25, 0.25, 0.1, 0.1], [0.4, 0.3, 0.15, 0.05, 0.03], [0.5, 0.3, 0.15, 0.1, 0.05], [0.9, 0.6, 0.3, 0.2, 0.15]]}}